champion_name,champion_title,class,playstyle,date_release,last_change,blue_essence_price,rp_price,ressource,HP,HP+,HP_lvl18,HP5,HP5+,HP5_lvl18,MP,MP+,MP_lvl18,MP5,MP5+,MP5_lvl18,AD,AD+,AD_lvl18,AS,AS+,AS_lvl18,AR,AR+,AR_lvl18,MR,MR+,MR_lvl18,MS,MS_lvl18,range,range_lvl18
Aatrox,the Darkin Blade,Fighter,Juggernaut,13/06/2013,V11.2,4800,880,Blood Well,580.0,90,2110.0,3.0,1.0,20.0,0.0,0.0,0.0,0.0,0.0,0.0,60.0,5.0,145.0,0.651,2.5%,0.928,38.0,3.25,93.25,32.0,1.25,53.25,345,345,175,175
Ahri,the Nine-Tailed Fox,Mage,Burst,14/12/2011,V11.1,3150,790,Mana,526.0,92,2090.0,5.5,0.6,15.7,418.0,25.0,843.0,8.0,0.8,21.6,53.0,3.0,104.0,0.668,2%,0.895,21.0,3.5,80.5,30.0,0.5,38.5,330,330,550,550
Akali,the Rogue Assassin,Slayer,Assassin,11/05/2010,V11.10,3150,790,Energy,500.0,105,2285.0,8.0,0.5,16.5,200.0,0.0,,50.0,0.0,,62.0,3.3,118.1,0.625,3.2%,0.965,23.0,3.5,82.5,37.0,1.25,58.25,345,345,125,125
Alistar,the Minotaur,Tank,Vanguard,21/02/2009,V11.8,1350,585,Mana,600.0,106,2402.0,8.5,0.85,22.95,350.0,40.0,1030.0,8.5,0.8,22.1,62.0,3.75,125.75,0.625,2.13%,0.851,44.0,3.5,103.5,32.0,1.25,53.25,330,330,125,125
Amumu,the Sad Mummy,Tank,Vanguard,26/06/2009,V11.7,450,260,Mana,615.0,80,1975.0,9.0,0.85,23.45,285.0,40.0,965.0,7.38,0.53,16.39,53.0,3.8,117.6,0.736,2.18%,0.972,30.0,3.8,94.6,32.0,1.25,53.25,335,335,125,125
Anivia,the Cryophoenix,Mage,Battlemage,10/07/2009,V11.8,3150,790,Mana,480.0,82,1874.0,5.5,0.55,14.85,495.0,45.0,1260.0,8.0,0.8,21.6,51.0,3.2,105.4,0.625,1.68%,0.803,21.0,4.0,89.0,30.0,0.5,38.5,325,325,600,600
Annie,the Dark Child,Mage,Burst,21/02/2009,V11.8,450,260,Mana,524.0,88,2020.0,5.5,0.55,14.85,418.0,25.0,843.0,8.0,0.8,21.6,50.0,2.63,94.71,0.579,1.36%,0.713,19.0,4.0,87.0,30.0,0.5,38.5,335,335,625,625
Aphelios,the Weapon of the Faithful,Marksman,Marksman,11/12/2019,V11.8,6300,975,Mana,530.0,88,2026.0,3.25,0.55,12.6,348.0,42.0,1062.0,6.5,0.4,13.3,57.0,3.0,97.8,0.64,2.1%,0.868,28.0,3.0,79.0,30.0,0.5,34.5,325,325,550,550
Ashe,the Frost Archer,Marksman,Marksman,21/02/2009,V11.7,450,260,Mana,570.0,87,2049.0,3.5,0.55,12.85,280.0,32.0,824.0,6.97,0.4,13.77,59.0,2.96,109.32,0.658,3.33%,1.03,26.0,3.4,83.8,30.0,0.5,38.5,325,325,600,600
Aurelion Sol,The Star Forger,Mage,Battlemage,24/03/2016,V11.10,6300,975,Mana,575.0,92,2139.0,7.0,0.6,17.2,350.0,50.0,1200.0,6.0,0.8,19.6,57.0,3.2,111.4,0.625,1.36%,0.77,19.0,3.6,80.2,30.0,0.5,38.5,325,325,550,550
Azir,the Emperor of the Sands,Specialist,Specialist,16/09/2014,V11.5,4800,880,Mana,552.0,92,2116.0,7.0,0.75,19.75,480.0,21.0,837.0,8.0,0.8,21.6,52.0,2.8,99.6,0.625,3%,0.944,19.0,3.0,70.0,30.0,0.5,38.5,335,335,525,525
Bard,the Wandering Caretaker,Controllerer,Catcher,12/03/2015,V11.10,6300,975,Mana,560.0,89,2073.0,5.5,0.55,14.85,350.0,50.0,1200.0,6.0,0.45,13.65,52.0,3.0,103.0,0.625,2%,0.838,34.0,4.0,102.0,30.0,0.5,38.5,330,330,500,500
Blitzcrank,the Great Steam Golem,Controllerer,Catcher,02/09/2009,V11.1,3150,790,Mana,583.0,95,2198.0,8.5,0.75,21.25,267.0,40.0,947.0,8.5,0.8,22.1,62.0,3.5,121.5,0.625,1.13%,0.745,37.0,3.5,96.5,32.0,1.25,53.25,325,325,125,125
Brand,the Burning Vengeance,Mage,Burst,12/04/2011,V11.7,4800,880,Mana,520.0,88,2016.0,5.5,0.55,14.85,469.0,21.0,826.0,10.67,0.6,20.87,57.0,3.0,108.0,0.625,1.36%,0.77,22.0,3.5,81.5,30.0,0.5,38.5,340,340,550,550
Braum,the Heart of the Freljord,Tank,Warden,12/05/2014,V11.7,4800,880,Mana,540.0,98,2206.0,8.5,1.0,25.5,311.0,45.0,1076.0,6.0,0.8,19.6,55.0,3.2,109.4,0.644,3.5%,1.027,47.0,4.0,115.0,32.0,1.25,53.25,335,335,125,125
Caitlyn,the Sheriff of Piltover,Marksman,Marksman,04/01/2011,V11.8,4800,880,Mana,510.0,93,2091.0,3.5,0.55,12.85,315.0,35.0,910.0,7.4,0.55,16.75,62.0,3.8,126.6,0.681,4%,1.067,28.0,3.5,87.5,30.0,0.5,38.5,325,325,650,650
Camille,the Steel Shadow,Fighter,Diver,07/12/2016,V11.5,6300,975,Mana,576.0,85,2021.0,8.5,0.8,22.1,339.0,52.0,1223.0,8.15,0.75,20.9,68.0,3.5,127.5,0.644,2.5%,0.918,35.0,3.8,99.6,32.1,1.25,53.35,340,340,125,125
Cassiopeia,the Serpent's Embrace,Mage,Battlemage,14/12/2010,V11.8,4800,880,Mana,560.0,90,2090.0,5.5,0.5,14.0,350.0,60.0,1370.0,8.0,0.8,21.6,53.0,3.0,104.0,0.647,1.5%,0.812,18.0,3.5,77.5,32.0,0.5,40.5,328,328,550,550
Chogath,the Terror of the Void,Specialist,Specialist,26/06/2009,V11.3,1350,585,Mana,574.0,80,1934.0,9.0,0.85,23.45,270.0,60.0,1290.0,7.2,0.45,14.85,69.0,4.2,140.4,0.625,1.44%,0.778,38.0,3.5,97.5,32.0,1.25,53.25,345,345,125,125
Corki,the Daring Bombardier,Marksman,Marksman,19/09/2009,V11.8,3150,790,Mana,518.0,87,1997.0,5.5,0.55,14.85,350.0,54.0,1268.0,7.42,0.55,16.77,55.0,2.5,97.5,0.638,2.3%,0.887,28.0,3.5,87.5,30.0,0.5,38.5,325,325,550,550
Darius,the Hand of Noxus,Fighter,Juggernaut,23/05/2012,V11.10,4800,880,Mana,582.0,100,2282.0,10.0,0.95,26.15,263.0,57.5,1240.5,6.6,0.35,12.55,64.0,5.0,149.0,0.625,1%,0.731,39.0,4.0,107.0,32.0,1.25,53.25,340,340,175,175
Diana,Scorn of the Moon,Slayer,Assassin,07/08/2012,V11.10,4800,880,Mana,570.0,95,2185.0,6.5,0.85,20.95,375.0,25.0,800.0,8.0,0.8,21.6,57.0,3.0,108.0,0.625,2.25%,0.864,31.0,3.1,83.7,32.0,1.25,53.25,345,345,150,150
Dr. Mundo,the Madman of Zaun,Fighter,Juggernaut,02/09/2009,V11.9,450,260,Health,583.0,89,2096.0,8.0,0.75,20.75,0.0,0.0,,0.0,0.0,,61.0,3.0,112.0,0.72,2.8%,1.018,36.0,3.0,87.0,32.0,1.25,53.25,345,345,125,125
Draven,the Glorious Executioner,Marksman,Marksman,06/06/2012,V11.2,4800,880,Mana,605.0,90,2135.0,3.75,0.7,15.65,360.56,39.0,1023.56,8.04,0.65,19.09,60.0,3.61,121.37,0.679,2.7%,0.991,29.0,3.3,85.1,30.0,0.5,38.5,330,330,550,550
Ekko,the Boy Who Shattered Time,Slayer,Assassin,29/05/2015,V10.25,6300,975,Mana,585.0,85,2030.0,9.0,0.9,24.3,280.0,70.0,1470.0,7.0,0.8,20.6,58.0,3.0,109.0,0.688,3.3%,1.039,32.0,3.0,83.0,32.0,1.25,53.25,340,340,125,125
Elise,the Spider Queen,Fighter,Diver,26/10/2012,V11.3,4800,880,Mana,534.0,93,2115.0,5.5,0.6,15.7,324.0,50.0,1174.0,6.0,0.8,19.6,55.0,3.0,106.0,0.625,1.75%,0.811,27.0,3.35,83.95,30.0,0.5,38.5,330,330,550,550
Evelynn,Agony's Embrace,Slayer,Assassin,01/05/2009,V11.1,1350,585,Mana,572.0,84,2000.0,8.5,0.75,21.25,315.0,42.0,1029.0,8.11,0.6,18.31,61.0,3.0,112.0,0.667,2.1%,0.905,37.0,3.5,96.5,32.1,1.25,53.35,335,335,125,125
Ezreal,the Prodigal Explorer,Marksman,Marksman,16/03/2010,V11.5,3150,790,Mana,530.0,88,2026.0,4.0,0.55,13.35,375.0,70.0,1565.0,8.5,0.65,19.55,60.0,2.5,102.5,0.625,2.5%,0.891,22.0,3.5,81.5,30.0,0.5,38.5,325,325,550,550
Fiddlesticks,the Ancient Fear,Specialist,Specialist,21/02/2009,V11.10,1350,585,Mana,580.4,92,2144.4,5.5,0.6,15.7,500.0,28.0,976.0,8.0,0.8,21.6,55.36,2.63,100.07,0.625,2.11%,0.849,34.0,3.5,93.5,30.0,0.5,38.5,335,335,480,480
Fiora,the Grand Duelist,Slayer,Skirmisher,29/02/2012,V11.8,4800,880,Mana,550.0,85,1995.0,8.5,0.55,17.85,300.0,60.0,1320.0,8.0,0.7,19.9,68.0,3.3,124.1,0.69,3.2%,1.065,33.0,3.5,92.5,32.0,1.25,53.25,345,345,150,150
Fizz,the Tidal Trickster,Slayer,Assassin,15/11/2011,V11.10,4800,880,Mana,570.0,98,2236.0,8.0,0.7,19.9,317.0,37.0,946.0,6.0,0.8,19.6,58.0,3.0,109.0,0.658,3.1%,1.005,22.0,3.4,79.8,32.0,1.25,53.25,335,335,175,175
Galio,the Colossus,Tank,Warden,10/08/2010,V11.10,3150,790,Mana,562.0,112,2466.0,8.0,0.8,21.6,500.0,40.0,1180.0,9.5,0.7,21.4,59.0,3.5,118.5,0.625,1.5%,0.784,24.0,3.5,83.5,32.0,1.25,53.25,335,335,150,150
Gangplank,the Saltwater Scourge,Specialist,Specialist,19/08/2009,V11.7,3150,790,Mana,540.0,82,1934.0,6.0,0.6,16.2,280.0,60.0,1300.0,7.5,0.7,19.4,64.0,4.0,132.0,0.658,3.2%,1.033,35.0,3.0,86.0,32.0,1.25,53.25,345,345,125,125
Garen,The Might of Demacia,Fighter,Juggernaut,27/04/2010,V11.9,450,260,,620.0,84,2048.0,8.0,0.5,16.5,0.0,0.0,,0.0,0.0,,66.0,4.5,142.5,0.625,3.65%,1.013,36.0,3.0,87.0,32.0,0.75,44.75,340,340,175,175
Gnar,the Missing Link,Specialist,Specialist,14/08/2014,V11.8,4800,880,Rage,510.0,65,1615.0,4.5,1.75,34.25,100.0,0.0,,0.0,0.0,,57.0,3.0,110.0,0.625,6%,1.262,32.0,2.5,74.5,30.0,0.5,38.5,335,335,400,400
Gragas,the Rabble Rouser,Tank,Vanguard,02/02/2010,V11.9,3150,790,Mana,600.0,95,2215.0,5.5,0.5,14.0,400.0,47.0,1199.0,6.0,0.8,19.6,64.0,3.5,123.5,0.675,2.05%,0.893,38.0,3.6,99.2,32.0,1.25,53.25,330,330,125,125
Graves,the Outlaw,Specialist,Specialist,19/10/2011,V11.5,4800,880,Mana,555.0,92,2119.0,8.0,0.7,19.9,325.0,40.0,1005.0,8.0,0.7,19.9,68.0,4.0,117.0,0.475,2.6%,0.692,33.0,3.4,90.8,32.0,1.25,53.25,340,340,425,425
Gwen,the Hallowed Seamstress,Slayer,Skirmisher,15/04/2021,V11.8,6300,975,Mana,550.0,90,2080.0,7.0,0.55,16.35,330.0,40.0,1010.0,7.5,0.7,19.4,63.0,3.0,114.0,0.69,2.25%,0.954,39.0,4.0,107.0,32.0,1.25,53.25,340,340,150,150
Hecarim,the Shadow of War,Fighter,Diver,18/04/2012,V11.9,4800,880,Mana,580.0,90,2110.0,7.0,0.75,19.75,277.0,60.0,1297.0,6.5,0.6,16.7,66.0,3.2,120.4,0.67,2.5%,0.955,35.0,4.25,104.25,32.0,1.25,53.25,345,345,175,175
Heimerdinger,the Revered Inventor,Specialist,Specialist,10/10/2009,V11.9,3150,790,Mana,488.0,87,1967.0,7.0,0.55,16.35,385.0,20.0,725.0,8.0,0.8,21.6,56.0,2.7,101.9,0.625,1.36%,0.77,19.0,3.0,70.0,30.0,0.5,38.5,340,340,550,550
Illaoi,the Kraken Priestess,Fighter,Juggernaut,24/11/2015,V11.1,6300,975,Mana,586.0,95,2201.0,9.5,0.8,23.1,300.0,50.0,980.0,7.5,0.75,20.25,68.0,5.0,153.0,0.571,2.5%,0.814,35.0,3.8,99.6,32.0,1.25,53.25,350,350,125,125
Irelia,the Blade Dancer,Fighter,Diver,16/11/2010,V10.25,4800,880,Mana,520.0,110,2195.0,8.5,0.85,22.95,350.0,50.0,1200.0,8.0,0.8,21.6,65.0,4.0,133.0,0.656,2.5%,0.935,36.0,3.0,87.0,28.0,1.25,53.25,335,335,200,200
Ivern,the Green Father,Controllerer,Catcher,05/10/2016,V11.7,6300,975,Mana,585.0,85,2030.0,7.0,0.85,21.45,450.0,60.0,1470.0,6.0,0.75,18.75,50.0,3.0,101.0,0.644,3.4%,1.016,27.0,3.5,86.5,32.0,1.25,53.25,330,330,475,475
Janna,the Storm's Fury,Controller,Enchanter,02/09/2009,V10.11,1350,585,Mana,500.0,70,1690.0,5.5,0.55,14.85,350.0,64.0,1438.0,11.5,0.4,18.3,46.0,1.5,71.5,0.625,2.95%,0.938,28.0,3.8,92.6,30.0,0.5,38.5,315,315,550,550
Jarvan IV,the Exemplar of Demacia,Fighter,Diver,01/03/2011,V11.8,4800,880,Mana,570.0,90,2100.0,8.0,0.7,19.9,300.0,40.0,980.0,6.5,0.45,14.15,64.0,3.4,121.8,0.658,2.5%,0.938,34.0,3.6,95.2,32.0,1.25,53.25,340,340,175,175
Jax,Grandmaster at Arms,Slayer,Skirmisher,21/02/2009,V11.5,1350,585,Mana,593.0,85,2038.0,8.5,0.55,17.85,339.0,52.0,1223.0,7.58,0.7,19.48,68.0,4.25,140.25,0.638,3.4%,1.007,36.0,3.0,87.0,32.0,1.25,53.25,350,350,125,125
Jayce,the Defender of Tomorrow,Mage Artillery,Artillery,07/07/2012,V11.9,4800,880,Mana,560.0,90,2090.0,6.0,0.6,16.2,375.0,45.0,1140.0,6.0,0.8,19.6,54.0,4.25,126.25,0.658,3%,0.994,27.0,3.5,86.5,30.0,0.5,38.5,335,335,125,125
Jhin,the Virtuoso,Marksman,Marksman,01/02/2016,V10.25,6300,975,Mana,585.0,93,2166.0,3.75,0.55,13.1,300.0,50.0,1150.0,6.0,0.8,19.6,59.0,4.7,138.9,0.625,3%,0.944,24.0,3.5,83.5,30.0,0.5,38.5,330,330,550,550
Jinx,the Loose Cannon,Marksman,Marksman,10/10/2013,V11.10,4800,880,Mana,610.0,86,2072.0,3.75,0.5,12.25,245.0,45.0,1010.0,6.7,1.0,23.7,57.0,3.4,114.8,0.625,1%,0.731,26.0,3.5,85.5,30.0,0.5,38.5,325,325,525,525
Kaisa,Daughter of the Void,Marksman,Marksman,07/03/2018,V11.9,6300,975,Mana,600.0,88,2096.0,3.5,0.55,12.85,344.88,38.0,990.88,8.2,0.45,15.85,59.0,2.0,93.0,0.644,1.8%,0.841,28.0,3.0,79.0,30.0,0.5,38.5,335,335,525,525
Kalista,the Spear of Vengeance,Marksman,Marksman,20/11/2014,V10.25,4800,880,Mana,534.0,100,2234.0,3.75,0.55,13.1,250.0,45.0,1015.0,6.3,0.4,13.1,69.0,3.5,128.5,0.694,4%,1.166,21.0,4.0,89.0,30.0,0.5,38.5,325,325,525,525
Karma,the Enlightened One,Mage,Burst,01/02/2011,V11.7,3150,790,Mana,534.0,95,2149.0,5.5,0.55,14.85,374.0,50.0,1224.0,13.0,0.5,21.5,51.0,3.3,110.1,0.625,2.3%,0.869,26.0,3.8,90.6,30.0,0.5,38.5,335,335,525,525
Karthus,the Deathsinger,Mage,Battlemage,12/06/2009,V11.6,3150,790,Mana,550.0,87,2029.0,6.5,0.55,15.85,467.0,30.5,985.5,8.0,0.8,21.6,46.0,3.25,101.25,0.625,2.11%,0.849,18.0,3.5,77.5,30.0,0.5,38.5,335,335,450,450
Kassadin,the Void Walker,Slayer,Assassin,07/08/2009,V11.7,3150,790,Mana,576.0,105,2361.0,6.0,0.5,14.5,400.0,87.0,1879.0,6.0,0.8,19.6,59.0,3.9,125.3,0.64,3.7%,1.043,19.0,2.8,66.6,30.0,0.5,38.5,335,335,150,150
Katarina,the Sinister Blade,Slayer,Assassin,19/09/2009,V11.10,3150,790,,602.0,94,2200.0,7.5,0.7,19.4,0.0,0.0,,0.0,0.0,,58.0,3.2,112.4,0.658,2.74%,0.964,28.0,3.5,87.5,32.0,1.25,53.25,335,335,125,125
Kayle,the Righteous,Specialist,Specialist,21/02/2009,V11.10,450,260,Mana,600.0,85,2045.0,5.0,0.5,13.5,330.0,50.0,1180.0,8.0,0.8,21.6,50.0,2.5,92.5,0.625,1.5%,0.795,26.0,3.0,77.0,30.0,0.5,38.5,335,335,175,175
Kayn,the Shadow Reaper,Slayer,Skirmisher,12/07/2017,V11.9,6300,975,Mana,585.0,85,2030.0,8.0,0.75,20.75,410.0,50.0,1260.0,11.5,0.95,27.65,68.0,3.3,124.1,0.669,2.7%,0.976,38.0,3.3,94.1,32.0,1.25,53.25,340,340,175,175
Kennen,the Heart of the Tempest,Specialist,Specialist,08/04/2010,V11.10,4800,880,Energy,541.0,84,1969.0,5.5,0.65,16.55,200.0,0.0,,50.0,0.0,,48.0,3.75,111.75,0.625,3.4%,1.024,29.0,3.75,92.75,30.0,0.5,38.5,335,335,550,550
KhaZix,the Voidreaver,Slayer,Assassin,27/09/2012,V11.1,4800,880,Mana,573.0,85,2018.0,7.5,0.75,20.25,327.0,40.0,1007.0,7.59,0.5,16.09,63.0,3.1,115.7,0.668,2.7%,0.975,36.0,3.0,87.0,32.0,1.25,53.25,350,350,125,125
Kindred,The Eternal Hunters,Marksman,Marksman,14/10/2015,V11.9,6300,975,Mana,540.0,85,1985.0,7.0,0.55,16.35,300.0,35.0,895.0,7.0,0.4,13.8,65.0,2.5,107.5,0.625,3.5%,0.997,29.0,3.5,88.5,30.0,0.5,38.5,325,325,500,500
Kled,the Cantankerous Cavalier,Slayer,Skirmisher,10/08/2016,V11.5,6300,975,Courage,340.0,70,1530.0,6.0,0.75,18.75,100.0,0.0,,0.0,0.0,,65.0,3.5,124.5,0.625,3.5%,0.997,35.0,4.0,103.0,28.0,1.25,49.25,285,285,250,250
Kled & Skarl,the Cantankerous Cavalier,Slayer,Skirmisher,10/08/2016,V11.5,6300,975,Courage,740.0,130,2950.0,6.0,0.75,18.75,100.0,0.0,,0.0,0.0,,65.0,3.5,124.5,0.625,3.5%,0.997,35.0,4.0,103.0,28.0,1.25,49.25,345,345,125,125
KogMaw,the Mouth of the Abyss,Marksman,Marksman,24/06/2010,V11.10,4800,880,Mana,565.0,85,2010.0,3.75,0.55,13.1,325.0,40.0,1005.0,8.75,0.7,20.65,61.0,3.11,113.87,0.665,2.65%,0.965,24.0,3.25,79.25,30.0,0.5,38.5,330,330,500,500
LeBlanc,the Deceiver,Mage,Burst,02/11/2010,V11.8,3150,790,Mana,528.0,97,2177.0,7.5,0.55,16.85,334.0,50.0,1184.0,6.0,0.8,19.6,55.0,3.5,114.5,0.625,1.4%,0.774,22.0,3.5,81.5,30.0,0.5,38.5,340,340,525,525
Lee Sin,the Blind Monk,Fighter,Diver,01/04/2011,V11.8,4800,880,Energy,575.0,85,2020.0,7.5,0.7,19.4,200.0,0.0,,50.0,0.0,,70.0,3.7,132.9,0.651,3%,0.983,36.0,3.7,98.9,32.0,1.25,53.25,345,345,125,125
Leona,the Radiant Dawn,Tank,Vanguard,13/07/2011,V11.1,4800,880,Mana,576.0,87,2055.0,8.5,0.85,22.95,302.0,40.0,982.0,6.0,0.8,19.6,60.0,3.0,111.0,0.625,2.9%,0.933,47.0,3.6,108.2,32.0,1.25,53.25,335,335,125,125
Lillia,the Bashful Bloom,Slayer,Skirmisher,22/07/2020,V11.6,6300,975,Mana,580.0,90,2110.0,7.5,0.75,21.75,410.0,50.0,1260.0,11.5,0.95,27.65,61.0,3.1,113.7,0.625,2.7%,0.912,22.0,4.0,88.0,32.0,0.75,44.75,330,330,325,325
Lissandra,the Ice Witch,Mage,Burst,30/04/2013,V11.7,4800,880,Mana,550.0,90,2080.0,7.0,0.55,16.35,475.0,30.0,985.0,8.0,0.4,14.8,53.0,2.7,98.9,0.656,1.36%,0.8,22.0,3.7,84.9,30.0,0.5,38.5,325,325,550,550
Lucian,the Purifier,Marksman,Marksman,22/08/2013,V11.6,4800,880,Mana,571.0,86,2033.0,3.75,0.65,14.8,348.88,38.0,994.88,8.18,0.7,20.08,64.0,2.3,103.1,0.638,3.3%,0.996,28.0,3.0,79.0,30.0,0.5,38.5,335,335,500,500
Lulu,the Fae Sorceress,Controller,Enchanter,20/03/2012,V11.9,4800,880,Mana,525.0,74,1783.0,6.0,0.6,16.2,350.0,55.0,1285.0,11.0,0.6,21.2,47.0,2.6,91.2,0.625,2.25%,0.864,29.0,3.7,91.9,30.0,0.5,38.5,330,330,550,550
Lux,the Lady of Luminosity,Mage,Burst,19/10/2010,V11.10,3150,790,Mana,490.0,85,1935.0,5.5,0.55,14.85,480.0,23.5,879.5,8.0,0.8,21.6,54.0,3.3,110.1,0.669,1%,0.775,19.0,4.0,87.0,30.0,0.5,38.5,330,330,550,550
Malphite,Shard of the Monolith,Tank,Vanguard,02/09/2009,V11.1,1350,585,Mana,574.0,90,2104.0,7.0,0.55,16.35,280.0,60.0,1300.0,7.32,0.55,16.67,62.0,4.0,130.0,0.736,3.4%,1.105,37.0,3.75,100.75,28.0,1.25,49.25,335,335,125,125
Malzahar,the Prophet of the Void,Mage,Battlemage,01/06/2010,V10.18,4800,880,Mana,510.0,87,2016.0,6.0,0.6,16.2,375.0,27.5,842.5,8.0,0.8,21.6,55.0,3.0,106.0,0.625,1.5%,0.784,18.0,3.5,77.5,30.0,0.5,38.5,335,335,500,500
Maokai,the Twisted Treant,Tank,Vanguard,16/02/2011,V11.2,4800,880,Mana,565.0,95,2180.0,5.0,0.75,17.75,375.0,43.0,1106.0,7.2,0.6,17.4,64.0,3.3,120.1,0.8,2.13%,1.051,39.0,4.0,107.0,32.0,1.25,53.25,335,335,125,125
Master Yi,the Wuju Bladesman,Slayer,Skirmisher,21/02/2009,V11.5,450,260,Mana,599.0,92,2163.0,7.5,0.65,18.55,251.0,42.0,965.0,7.26,0.45,14.91,66.0,3.0,117.0,0.679,2%,0.91,33.0,3.0,84.0,32.0,1.25,53.25,355,355,125,125
Gnar Mega,the Missing Link,Specialist,Specialist,14/08/2014,V11.8,4800,880,Rage,610.0,108,2446.0,4.5,1.75,34.25,100.0,0.0,,0.0,0.0,,65.0,5.5,158.5,0.625,0.5%,0.678,35.5,5.5,129.0,33.5,4.0,101.5,335,335,175,175
Miss Fortune,the Bounty Hunter,Marksman,Marksman,08/09/2010,V10.25,3150,790,Mana,570.0,93,2151.0,3.75,0.65,14.8,325.84,35.0,920.84,8.04,0.65,19.09,52.0,2.7,97.9,0.656,3%,0.991,28.0,3.0,79.0,30.0,0.5,38.5,325,325,550,550
Mordekaiser,the Iron Revenant,Fighter,Juggernaut,24/02/2010,V11.10,1350,585,Shield,575.0,90,2105.0,5.0,0.75,17.75,0.0,0.0,,0.0,0.0,,61.0,4.0,129.0,0.625,1%,0.731,37.0,3.0,88.0,32.0,1.25,53.25,335,335,175,175
Morgana,the Fallen,Controllerer,Catcher,21/02/2009,V11.9,1350,585,Mana,560.0,90,2090.0,5.5,0.4,12.3,340.0,60.0,1360.0,11.0,0.4,17.8,56.0,3.5,115.5,0.625,1.53%,0.788,25.0,3.8,89.6,30.0,0.5,38.5,335,335,450,450
Nami,the Tidecaller,Controller,Enchanter,07/12/2012,V11.1,4800,880,Mana,475.0,74,1733.0,5.5,0.55,14.85,365.0,43.0,1096.0,11.5,0.4,18.3,51.0,3.1,103.7,0.644,2.61%,0.93,29.0,4.0,97.0,30.0,0.5,38.5,335,335,550,550
Nasus,the Curator of the Sands,Fighter,Juggernaut,01/10/2009,V11.1,1350,585,Mana,561.0,90,2091.0,9.0,0.9,24.3,326.0,62.0,1380.0,7.44,0.5,15.94,67.0,3.5,126.5,0.638,3.48%,1.015,34.0,3.5,93.5,32.0,1.25,53.25,350,350,125,125
Nautilus,the Titan of the Depths,Tank,Vanguard,14/02/2012,V11.1,4800,880,Mana,576.0,86,2038.0,8.5,0.55,17.85,400.0,47.0,1199.0,8.63,0.5,17.13,61.0,3.3,117.1,0.706,1%,0.81,39.0,3.75,102.75,32.0,1.25,53.25,325,325,175,175
Neeko,the Curious Chameleon,Mage,Burst,05/12/2018,V11.7,6300,975,Mana,540.0,90,2070.0,7.5,0.75,20.25,450.0,30.0,960.0,7.0,0.7,18.9,48.0,2.5,90.5,0.625,3.5%,1.024,21.0,4.0,89.0,30.0,0.5,38.5,340,340,550,550
Nidalee,the Bestial Huntress,Specialist,Specialist,17/12/2009,V10.25,3150,790,Mana,545.0,85,1990.0,6.0,0.6,16.2,295.0,45.0,1060.0,6.0,0.8,19.6,58.0,3.5,117.5,0.638,3.22%,0.987,28.0,3.5,87.5,30.0,0.5,38.5,335,335,525,525
Nocturne,the Eternal Nightmare,Slayer,Assassin,15/03/2011,V11.2,4800,880,Mana,585.0,85,2030.0,7.0,0.75,19.75,275.0,35.0,870.0,7.0,0.45,14.65,62.0,3.1,114.7,0.721,2.7%,1.028,38.0,3.5,97.5,32.0,0.75,44.75,345,345,125,125
Nunu,the Boy and His Yeti,Tank,Warden,21/02/2009,V11.8,450,260,Mana,540.0,82,1934.0,5.0,0.8,18.6,280.0,42.0,994.0,7.0,0.5,15.5,61.0,3.0,112.0,0.625,2.25%,0.864,29.0,3.0,80.0,32.0,1.25,53.25,340,340,125,125
Olaf,the Berserker,Fighter,Diver,09/06/2010,V11.3,3150,790,Mana,575.0,100,2156.0,8.5,0.9,23.8,316.0,42.0,1030.0,7.5,0.6,17.33,68.0,3.5,127.5,0.694,2.7%,1.013,35.0,3.0,86.0,32.0,1.25,53.25,350,350,125,125
Orianna,the Lady of Clockwork,Mage,Burst,01/06/2011,V11.8,4800,880,Mana,530.0,91,2077.0,7.0,0.55,16.35,418.0,25.0,843.0,8.0,0.8,21.6,40.0,2.6,84.2,0.658,3.5%,1.05,17.0,3.0,68.0,26.0,0.5,34.5,325,325,525,525
Ornn,The Fire Below the Mountain,Tank,Vanguard,23/08/2017,V11.1,6300,975,Mana,590.0,95,2205.0,9.0,0.9,24.3,340.6,65.0,1445.6,8.01,0.6,18.21,69.0,3.5,128.5,0.625,2%,0.838,33.0,4.0,101.0,32.0,1.25,53.25,335,335,175,175
Pantheon,the Unbreakable Spear,Fighter,Diver,02/02/2010,V11.3,3150,790,Mana,580.0,95,2195.0,9.0,0.65,20.05,317.12,31.0,844.12,7.36,0.45,15.01,64.0,3.3,120.1,0.644,2.95%,0.967,40.0,3.75,103.75,28.0,1.25,49.25,345,345,175,175
Poppy,Keeper of the Hammer,Tank,Warden,13/01/2010,V10.5,450,260,Mana,540.0,90,2070.0,8.0,0.8,21.6,280.0,40.0,960.0,7.0,0.7,18.9,64.0,4.0,132.0,0.625,2.5%,0.891,38.0,3.5,97.5,32.0,1.25,53.25,345,345,125,125
Pyke,the Bloodharbor Ripper,Slayer,Assassin,31/05/2018,V11.10,6300,975,Mana,600.0,90,2130.0,7.0,0.5,15.5,415.0,50.0,1265.0,8.0,1.0,25.0,62.0,2.0,96.0,0.667,2.5%,0.95,45.0,3.5,104.5,32.0,1.25,53.25,330,330,150,150
Qiyana,Empress of the Elements,Slayer,Assassin,28/06/2019,V11.5,6300,975,Mana,590.0,90,2120.0,9.0,0.9,24.3,320.0,50.0,1170.0,8.0,0.7,19.9,66.0,3.1,118.7,0.625,2.1%,0.848,28.0,3.5,87.5,32.0,1.25,53.25,335,335,150,150
Quinn,Demacia's Wings,Specialist,Specialist,01/03/2013,V11.5,4800,880,Mana,533.0,85,1978.0,5.5,0.55,14.85,269.0,35.0,864.0,6.97,0.4,13.77,59.0,2.4,99.8,0.668,3.1%,1.02,28.0,3.5,87.5,30.0,0.5,38.5,335,335,525,525
Rakan,The Charmer,Controllerer,Catcher,19/04/2017,V11.8,6300,975,Mana,540.0,85,1985.0,5.0,0.5,13.5,315.0,50.0,1165.0,8.75,0.5,17.25,62.0,3.5,121.5,0.635,3%,0.959,32.0,3.9,98.3,32.0,1.25,53.25,335,335,300,300
Rammus,the Armordillo,Tank,Vanguard,10/07/2009,V11.8,1350,585,Mana,564.0,80,1924.0,8.0,0.55,17.35,310.0,33.0,871.0,7.84,0.5,16.34,56.0,3.5,115.5,0.656,2.22%,0.891,36.0,4.3,109.1,32.0,1.25,53.25,335,335,125,125
RekSai,the Void Burrower,Fighter,Diver,11/12/2014,V11.1,4800,880,Rage,570.0,85,2015.0,7.5,0.65,18.55,100.0,0.0,,0.0,0.0,,64.0,3.0,115.0,0.667,2%,0.894,36.0,3.75,99.75,32.0,1.25,53.25,335,335,175,175
Rell,the Iron Maiden,Tank,Vanguard,10/12/2020,V11.7,6300,975,Mana,540.0,90,2070.0,7.0,0.55,16.35,350.0,45.0,1115.0,6.0,0.35,11.95,55.0,3.0,106.0,0.55,2%,0.737,32.0,3.0,83.0,32.1,1.25,53.35,335,335,175,175
Renekton,the Butcher of the Sands,Fighter,Diver,18/01/2011,V11.6,4800,880,Fury,575.0,87,2054.0,8.0,0.75,20.75,100.0,0.0,,0.0,0.0,,69.0,3.75,132.75,0.665,2.75%,0.976,35.0,4.0,103.0,32.0,1.25,53.25,345,345,125,125
Rengar,the Pridestalker,Slayer,Assassin,21/08/2012,V11.2,4800,880,Ferocity,585.0,90,2115.0,7.0,0.5,15.5,4.0,0.0,,0.0,0.0,,68.0,3.0,119.0,0.667,3%,1.007,34.0,3.0,85.0,32.0,1.25,53.25,345,345,125,125
Riven,the Exile,Slayer,Skirmisher,14/09/2011,V11.3,4800,880,,560.0,86,2022.0,8.5,0.5,17.0,0.0,0.0,,0.0,0.0,,64.0,3.0,115.0,0.625,3.5%,0.997,33.0,3.2,87.4,32.0,1.25,53.25,340,340,125,125
Rumble,the Mechanized Menace,Mage,Battlemage,26/04/2011,V11.9,4800,880,Heat,589.0,85,2034.0,8.0,0.6,18.2,100.0,0.0,,0.0,0.0,,61.0,3.2,115.4,0.644,1.85%,0.847,31.0,3.5,90.5,28.0,0.75,40.75,345,345,125,125
Ryze,the Rune Mage,Mage,Battlemage,21/02/2009,V11.1,450,260,Mana,575.0,110,2241.0,8.0,0.8,21.6,300.0,70.0,1490.0,8.0,1.0,25.0,58.0,3.0,109.0,0.625,2.11%,0.849,22.0,3.0,73.0,36.0,0.5,44.5,340,340,550,550
Samira,the Desert Rose,Marksman,Marksman,21/09/2020,V11.6,6300,975,Mana,530.0,88,2026.0,3.25,0.55,12.6,348.88,38.0,994.88,8.18,0.7,20.08,57.0,3.0,108.0,0.658,3.3%,1.027,26.0,3.0,77.0,30.0,0.5,38.5,335,335,500,500
Sejuani,Fury of the North,Tank,Vanguard,17/01/2012,V11.10,4800,880,Mana,560.0,100,2260.0,8.5,1.0,25.5,400.0,40.0,1080.0,7.0,0.7,18.9,66.0,4.0,134.0,0.688,3.5%,1.06,34.0,4.25,106.25,32.0,1.25,53.25,340,340,150,150
Senna,the Redeemer,Marksman,Marksman,10/11/2019,V11.5,6300,975,Mana,520.0,75,1795.0,3.5,0.55,12.85,350.0,45.0,1115.0,11.5,0.4,18.3,50.0,0.0,50.0,0.625,4%,0.829,28.0,3.5,87.5,30.0,0.5,38.5,330,330,600,600
SÃ©raphine,the Starry-Eyed Songstress,Mage,Burst,29/10/2020,V11.7,6300,975,Mana,500.0,90,2030.0,6.5,0.6,16.7,440.0,40.0,1120.0,8.0,1.0,25.0,55.0,3.0,106.0,0.669,1%,0.775,19.0,3.0,70.0,30.0,0.5,38.5,325,325,525,525
Sett,the Boss,Fighter,Juggernaut,14/01/2020,V11.9,6300,975,Grit,600.0,93,2181.0,7.0,0.5,15.5,0.0,0.0,,0.0,0.0,,60.0,4.0,128.0,0.625,1.75%,0.811,33.0,4.0,101.0,32.0,1.25,53.25,340,340,125,125
Shaco,the Demon Jester,Slayer,Assassin,10/10/2009,V11.5,3150,790,Mana,560.0,89,2100.0,8.5,0.55,17.85,297.0,40.0,977.0,7.16,0.45,14.81,63.0,3.0,114.0,0.694,3%,1.048,30.0,3.5,89.5,32.0,1.25,53.25,345,345,125,125
Shen,the Eye of Twilight,Tank,Warden,24/03/2010,V11.9,3150,790,Energy,540.0,85,1985.0,8.5,0.75,21.25,400.0,0.0,,50.0,0.0,,60.0,3.0,111.0,0.751,3%,1.083,34.0,3.0,85.0,32.0,1.25,53.25,340,340,125,125
Shyvana,the Half-Dragon,Fighter,Juggernaut,01/11/2011,V11.6,3150,790,Fury,595.0,95,2210.0,8.5,0.8,22.1,100.0,0.0,,0.0,0.0,,66.0,3.4,123.8,0.658,2.5%,0.938,38.0,3.35,94.95,32.0,1.25,53.25,350,350,125,125
Singed,the Mad Chemist,Specialist,Specialist,18/04/2009,V11.3,450,260,Mana,580.0,85,2025.0,9.5,0.55,18.85,330.0,45.0,1095.0,7.5,0.55,16.85,63.0,3.38,120.46,0.613,1.9%,0.811,34.0,3.5,93.5,32.0,1.25,53.25,345,345,125,125
Sion,The Undead Juggernaut,Tank,Vanguard,21/02/2009,V11.8,1350,585,Mana,545.0,73,1786.0,7.5,0.8,21.1,330.0,42.0,1044.0,8.0,0.6,18.2,68.0,4.0,136.0,0.679,1.3%,0.829,32.0,3.0,83.0,32.0,1.25,53.25,345,345,175,175
Sivir,the Battle Mistress,Marksman,Marksman,21/02/2009,V11.1,450,260,Mana,562.0,90,2092.0,3.25,0.55,12.6,325.0,50.0,1175.0,8.0,0.9,23.3,63.0,3.0,114.0,0.625,1.6%,0.795,26.0,3.25,81.25,30.0,0.5,38.5,335,335,500,500
Skarner,the Crystal Vanguard,Fighter,Diver,09/08/2011,V11.4,4800,880,Mana,580.0,85,2025.0,9.0,0.85,23.45,320.0,60.0,1340.0,7.2,0.45,14.85,65.0,4.5,141.5,0.625,2.1%,0.848,38.0,3.8,102.6,32.0,1.25,53.25,335,335,125,125
Sona,Maven of the Strings,Controller,Enchanter,21/09/2010,V10.23,3150,790,Mana,480.0,77,1789.0,5.5,0.55,14.85,340.0,45.0,1105.0,11.5,0.4,18.3,49.0,3.0,100.0,0.644,2.3%,0.896,28.0,3.3,84.1,30.0,0.5,38.5,325,325,550,550
Soraka,the Starchild,Controller,Enchanter,21/02/2009,V11.4,450,260,Mana,535.0,74,1793.0,2.5,0.5,11.0,425.0,40.0,1105.0,11.5,0.4,18.3,50.0,3.0,101.0,0.625,2.14%,0.852,32.0,3.8,96.6,30.0,0.5,38.5,325,325,550,550
Swain,the Noxian Grand General,Mage,Battlemage,05/10/2010,V11.1,4800,880,Mana,525.0,85,1970.0,7.0,0.65,18.05,468.0,28.5,952.5,8.0,0.8,21.6,58.0,2.7,103.9,0.625,2.11%,0.849,23.0,4.0,91.0,30.0,0.5,38.5,325,325,525,525
Sylas,the Unshackled,Mage,Burst,25/01/2019,V11.10,6300,975,Mana,525.0,115,2480.0,9.0,0.9,24.3,280.0,70.0,1470.0,7.0,0.8,20.6,61.0,3.0,112.0,0.645,3.5%,1.029,27.0,4.0,95.0,32.0,1.75,61.75,340,340,175,175
Syndra,the Dark Sovereign,Mage,Burst,13/09/2012,V11.1,4800,880,Mana,523.0,90,2053.0,6.5,0.6,16.7,480.0,40.0,1160.0,8.0,0.8,21.6,54.0,2.9,103.3,0.625,2%,0.838,25.0,3.4,82.8,30.0,0.5,38.5,330,330,550,550
Tahm Kench,the River King,Tank,Warden,09/07/2015,V11.1,6300,975,Mana,570.0,95,2300.0,6.5,0.55,15.85,325.0,50.0,1005.0,8.0,1.0,25.0,56.0,3.2,110.4,0.658,2.5%,0.938,42.0,3.5,106.5,32.0,1.25,53.25,335,335,175,175
Taliyah,the Stoneweaver,Mage,Battlemage,18/05/2016,V11.3,6300,975,Mana,532.0,90,2062.0,7.0,0.7,18.9,425.0,30.0,935.0,9.34,0.85,23.79,58.0,3.3,114.1,0.625,1.36%,0.77,20.0,3.5,79.5,30.0,0.5,38.5,335,335,525,525
Talon,the Blade's Shadow,Slayer,Assassin,24/08/2011,V11.10,4800,880,Mana,588.0,95,2203.0,8.5,0.75,21.25,377.2,37.0,1006.2,7.6,0.8,21.2,68.0,3.1,120.7,0.625,2.9%,0.933,30.0,3.5,89.5,39.0,1.25,60.25,335,335,125,125
Taric,the Shield of Valoran,Controller,Enchanter,19/08/2009,V11.9,1350,585,Mana,575.0,85,2020.0,6.0,0.5,14.5,300.0,60.0,1320.0,8.5,0.8,22.1,55.0,3.5,114.5,0.625,2%,0.838,40.0,3.4,97.8,32.0,1.25,53.25,340,340,150,150
Teemo,the Swift Scout,Specialist,Specialist,21/02/2009,V11.7,1350,585,Mana,528.0,90,2058.0,5.5,0.65,16.55,334.0,20.0,674.0,9.6,0.45,17.25,54.0,3.0,105.0,0.69,3.38%,1.086,24.0,3.75,87.75,30.0,0.5,38.5,330,330,500,500
Thresh,the Chain Warden,Controllerer,Catcher,23/01/2013,V11.10,4800,880,Mana,530.0,95,2145.0,7.0,0.55,16.35,274.0,44.0,1022.0,6.0,0.8,19.6,56.0,2.2,93.4,0.625,3.5%,0.997,28.0,0.0,28.0,30.0,0.5,38.5,335,335,450,450
Tristana,the Yordle Gunner,Marksman,Marksman,21/02/2009,V11.7,1350,585,Mana,559.0,88,2055.0,3.75,0.65,14.8,250.0,32.0,794.0,7.2,0.45,14.85,59.0,3.3,115.1,0.656,1.5%,0.829,26.0,3.0,77.0,30.0,0.5,38.5,325,325,525,525
Trundle,the Troll King,Fighter,Juggernaut,01/12/2010,V11.9,3150,790,Mana,616.0,96,2248.0,6.0,0.75,18.75,281.0,45.0,1046.0,7.5,0.6,17.7,68.0,3.0,119.0,0.67,2.9%,1.0,37.0,2.7,82.9,32.0,1.25,53.25,350,350,175,175
Tryndamere,the Barbarian King,Slayer,Skirmisher,01/05/2009,V11.5,1350,585,Fury,626.0,98,2292.0,8.5,0.9,23.8,100.0,0.0,,0.0,0.0,,72.0,3.7,134.9,0.67,2.9%,1.0,33.0,3.1,85.7,32.0,1.25,53.25,345,345,125,125
Twisted Fate,the Card Master,Mage,Burst,21/02/2009,V10.23,1350,585,Mana,534.0,94,2132.0,5.5,0.6,15.7,333.0,39.0,996.0,8.0,0.8,21.6,52.0,3.3,108.1,0.651,3.22%,1.007,21.0,3.15,74.55,30.0,0.5,38.5,330,330,525,525
Twitch,the Plague Rat,Marksman,Marksman,01/05/2009,V11.5,3150,790,Mana,612.0,86,2074.0,3.75,0.6,13.95,287.2,40.0,967.2,7.26,0.45,14.91,59.0,3.11,111.87,0.679,3.38%,1.069,27.0,3.0,78.0,30.0,0.5,38.5,330,330,550,550
Udyr,the Spirit Walker,Fighter,Juggernaut,02/12/2009,V11.7,1350,585,Mana,594.0,92,2158.0,6.0,0.75,18.75,271.0,50.0,1121.0,7.5,0.45,15.15,64.0,5.0,149.0,0.658,2.67%,0.957,34.0,4.0,102.0,32.0,1.25,53.25,350,350,125,125
Urgot,the Dreadnought,Fighter,Juggernaut,24/08/2010,V11.10,3150,790,Mana,585.0,88,2081.0,7.5,0.7,19.4,340.0,45.0,1105.0,7.25,0.8,20.85,63.0,4.0,131.0,0.625,3.75%,1.023,36.0,4.25,108.25,32.0,1.25,53.25,330,330,350,350
Varus,the Arrow of Retribution,Marksman,Marksman,08/05/2012,V11.7,4800,880,Mana,530.0,91,2077.0,3.5,0.55,12.85,360.0,40.0,1040.0,8.0,0.8,21.6,61.0,3.4,118.8,0.658,4%,1.105,27.0,3.4,84.8,30.0,0.5,38.5,330,330,575,575
Vayne,the Night Hunter,Marksman,Marksman,10/05/2011,V10.20,4800,880,Mana,515.0,89,2028.0,3.5,0.55,12.85,231.8,35.0,826.8,6.97,0.4,13.77,60.0,2.36,100.12,0.658,3.3%,1.027,23.0,3.4,80.8,30.0,0.5,38.5,330,330,550,550
Veigar,the Tiny Master of Evil,Mage,Burst,24/07/2009,V11.10,1350,585,Mana,505.0,94,2103.0,6.5,0.6,16.7,490.0,26.0,932.0,8.0,0.8,21.6,52.0,2.7,97.9,0.625,2.24%,0.863,23.0,3.75,86.75,32.0,0.5,40.5,340,340,550,550
VelKoz,the Eye of the Void,Mage Artillery,Artillery,27/02/2014,V11.1,4800,880,Mana,520.0,88,2016.0,5.5,0.55,14.85,469.0,21.0,826.0,8.0,0.8,21.6,55.0,3.1415927,108.4070759,0.625,1.36%,0.77,22.0,3.5,81.5,30.0,0.5,38.5,340,340,525,525
Vi,the Piltover Enforcer,Fighter,Diver,19/12/2012,V11.1,4800,880,Mana,585.0,85,2030.0,10.0,1.0,27.0,295.0,65.0,1400.0,8.0,0.65,19.05,63.0,3.5,122.5,0.644,2%,0.863,30.0,4.0,98.0,32.0,1.25,53.25,340,340,125,125
Viego,The Ruined King,Slayer,Skirmisher,22/01/2021,V11.9,6300,975,,560.0,95,2175.0,7.0,0.7,18.9,0.0,0.0,,0.0,0.0,,57.0,3.5,116.5,0.658,2.5%,0.938,34.0,4.0,102.0,32.0,1.25,53.25,345,345,225,225
Viktor,the Machine Herald,Mage,Battlemage,29/12/2011,V11.9,4800,880,Mana,530.0,90,2060.0,8.0,0.65,19.05,405.0,45.0,1170.0,8.0,0.8,21.6,53.0,3.0,104.0,0.658,2.11%,0.894,23.0,4.0,91.0,30.0,0.5,38.5,335,335,525,525
Vladimir,the Crimson Reaper,Mage,Battlemage,27/07/2010,V11.10,3150,790,Bloodthirst,537.0,96,2169.0,7.0,0.6,17.2,2.0,0.0,,0.0,0.0,,55.0,3.0,106.0,0.658,2%,0.882,23.0,3.3,79.1,30.0,0.5,38.5,330,330,450,450
Volibear,the Relentless Storm,Fighter,Juggernaut,29/11/2011,V11.6,3150,790,Mana,580.0,90,2110.0,9.0,0.75,21.75,350.0,70.0,1540.0,6.25,0.5,14.75,60.0,3.0,111.0,0.625,2%,0.863,31.0,4.0,99.0,32.0,1.25,53.25,340,340,150,150
Warwick,the Uncaged Wrath of Zaun,Fighter,Diver,21/02/2009,V11.6,450,260,Mana,550.0,85,1995.0,4.0,0.75,16.75,280.0,35.0,875.0,7.47,0.58,17.33,65.0,3.0,116.0,0.638,2.3%,0.887,33.0,3.2,87.4,32.0,1.25,53.25,335,335,125,125
Wukong,the Monkey King,Fighter,Diver,26/07/2011,V11.9,4800,880,Mana,540.0,85,1985.0,4.0,0.65,15.05,300.0,65.0,1405.0,8.0,0.65,19.05,68.0,4.0,136.0,0.711,3%,1.047,31.0,3.5,90.5,28.0,1.25,49.25,345,345,175,175
Xayah,the Rebel,Marksman,Marksman,19/04/2017,V11.1,6300,975,Mana,590.0,88,2086.0,3.25,0.75,16.0,340.0,40.0,1020.0,8.25,0.75,21.0,60.0,3.5,119.5,0.625,3.9%,1.039,25.0,3.0,76.0,30.0,0.5,38.5,325,325,525,525
Xerath,the Magus Ascendant,Mage Artillery,Artillery,05/10/2011,V11.9,4800,880,Mana,526.0,92,2090.0,5.5,0.55,14.85,459.0,22.0,833.0,8.0,0.8,21.6,55.0,3.0,106.0,0.625,1.36%,0.77,22.0,3.5,81.5,30.0,0.5,38.5,340,340,525,525
Xin Zhao,the Seneschal of Demacia,Fighter,Diver,13/07/2010,V11.8,1350,585,Mana,570.0,92,2134.0,8.0,0.7,19.9,274.0,55.0,1209.0,7.26,0.45,14.91,66.0,3.0,117.0,0.645,3.5%,1.029,35.0,3.5,94.5,32.0,1.25,53.25,345,345,175,175
Yasuo,the Unforgiven,Slayer,Skirmisher,13/12/2013,V11.7,4800,880,,490.0,87,1969.0,6.5,0.9,21.8,100.0,0.0,,0.0,0.0,,60.0,3.0,111.0,0.697,3.5%,1.096,30.0,3.4,87.8,32.0,1.25,53.25,345,345,175,175
Yone,the Unforgotten,Slayer,Assassin,06/08/2020,V11.10,6300,975,,550.0,85,1995.0,7.5,0.75,20.25,500.0,0.0,,0.0,0.0,,60.0,2.0,94.0,0.625,3.5%,0.997,28.0,3.4,85.8,32.0,1.25,53.25,345,345,175,175
Yorick,Shepherd of Souls,Fighter,Juggernaut,22/06/2011,V11.8,4800,880,Mana,580.0,100,2280.0,8.0,0.8,21.6,300.0,60.0,1320.0,7.5,0.75,20.25,62.0,5.0,147.0,0.625,2%,0.838,39.0,4.0,107.0,32.0,1.25,53.25,340,340,175,175
Yuumi,the Magical Cat,Controller,Enchanter,14/05/2019,V11.10,6300,975,Mana,480.0,70,1670.0,7.0,0.55,16.35,400.0,45.0,1165.0,10.0,0.4,16.8,55.0,3.1,107.7,0.625,1%,0.731,25.0,3.0,76.0,25.0,0.3,30.1,330,330,500,500
Zac,the Secret Weapon,Tank,Vanguard,29/03/2013,V11.8,4800,880,Health,615.0,95,2230.0,8.0,0.5,16.5,0.0,0.0,,0.0,0.0,,60.0,3.4,117.8,0.736,1.6%,0.91,33.0,3.5,92.5,32.0,1.25,53.25,340,340,175,175
Zed,the Master of Shadows,Slayer,Assassin,13/11/2012,V11.8,4800,880,Energy,584.0,85,2029.0,7.0,0.65,18.05,200.0,0.0,,50.0,0.0,,63.0,3.4,120.8,0.651,3.3%,1.016,32.0,3.5,91.5,32.0,1.25,53.25,345,345,125,125
Ziggs,the Hexplosives Expert,Mage Artillery,Artillery,01/02/2012,V11.1,4800,880,Mana,536.0,92,2100.0,6.5,0.6,16.7,420.0,23.5,879.5,8.0,0.8,21.6,54.0,3.1,106.7,0.656,2%,0.879,22.0,3.3,78.1,30.0,0.5,38.5,325,325,550,550
Zilean,the Chronokeeper,Specialist,Specialist,18/04/2009,V11.1,1350,585,Mana,504.0,82,1898.0,5.5,0.5,14.0,452.0,50.0,1302.0,11.34,0.8,24.94,52.0,3.0,103.0,0.625,2.13%,0.851,24.0,3.8,88.6,30.0,0.5,38.5,335,335,550,550
Zoe,the Aspect of Twilight,Mage,Burst,21/11/2017,V11.2,6300,975,Mana,560.0,92,2124.0,6.5,0.6,16.7,425.0,25.0,850.0,8.0,0.65,19.05,58.0,3.3,114.1,0.625,2.5%,0.891,21.0,3.5,80.5,30.0,0.5,38.5,340,340,550,550
Zyra,Rise of the Thorns,Controller,Catcher,24/07/2012,V11.10,4800,880,Mana,504.0,79,1847.0,5.5,0.5,14.0,418.0,25.0,843.0,13.0,0.4,19.8,53.0,3.2,107.4,0.625,2.11%,0.849,29.0,3.0,80.0,30.0,0.5,38.5,340,340,575,575
